Name,Years,Position,Party,State,Congress,Link
"ABBOTT, Josiah Gardner",1814-1891,Representative,Democrat,MA,44(1875-1876),http://bioguide.congress.gov/scripts/biodisplay.pl?index=A000007
"ADAMS, Charles Henry",1824-1902,Representative,Republican,NY,44(1875-1876),http://bioguide.congress.gov/scripts/biodisplay.pl?index=A000033
"AINSWORTH, Lucien Lester",1831-1902,Representative,Democrat,IA,44(1875-1876),http://bioguide.congress.gov/scripts/biodisplay.pl?index=A000067
"ALCORN, James Lusk",1816-1894,Senator,Republican,MS,44(1875-1876),http://bioguide.congress.gov/scripts/biodisplay.pl?index=A000079
"ALLISON, William Boyd",1829-1908,Senator,Republican,IA,44(1875-1876),http://bioguide.congress.gov/scripts/biodisplay.pl?index=A000160
"ANDERSON, William Black",1830-1901,Representative,Independent,IL,44(1875-1876),http://bioguide.congress.gov/scripts/biodisplay.pl?index=A000236
"ANTHONY, Henry Bowen",1815-1884,Senator,Republican,RI,44(1875-1876),http://bioguide.congress.gov/scripts/biodisplay.pl?index=A000262
"ASHE, Thomas Samuel",1812-1887,Representative,Democrat,NC,44(1875-1876),http://bioguide.congress.gov/scripts/biodisplay.pl?index=A000309
"ATKINS, John DeWitt Clinton",1825-1908,Representative,Democrat,TN,44(1875-1876),http://bioguide.congress.gov/scripts/biodisplay.pl?index=A000327
"BAGBY, John Courts",1819-1896,Representative,Democrat,IL,44(1875-1876),http://bioguide.congress.gov/scripts/biodisplay.pl?index=B000031
"BAGLEY, George Augustus",1826-1915,Representative,Republican,NY,44(1875-1876),http://bioguide.congress.gov/scripts/biodisplay.pl?index=B000032
"BAGLEY, John Holroyd, Jr.",1832-1902,Representative,Democrat,NY,44(1875-1876),http://bioguide.congress.gov/scripts/biodisplay.pl?index=B000033
"BAILEY, James Edmund",1822-1885,Senator,Democrat,TN,44(1875-1876),http://bioguide.congress.gov/scripts/biodisplay.pl?index=B000039
"BAKER, John Harris",1832-1915,Representative,Republican,IN,44(1875-1876),http://bioguide.congress.gov/scripts/biodisplay.pl?index=B000068
"BAKER, William Henry",1827-1911,Representative,Republican,NY,44(1875-1876),http://bioguide.congress.gov/scripts/biodisplay.pl?index=B000077
"BALLOU, Latimer Whipple",1812-1900,Representative,Republican,RI,44(1875-1876),http://bioguide.congress.gov/scripts/biodisplay.pl?index=B000106
"BANKS, Nathaniel Prentice",1816-1894,Representative,Independent,MA,44(1875-1876),http://bioguide.congress.gov/scripts/biodisplay.pl?index=B000116
"BANNING, Henry Blackstone",1836-1881,Representative,Democrat,OH,44(1875-1876),http://bioguide.congress.gov/scripts/biodisplay.pl?index=B000117
"BARNUM, William Henry",1818-1889,Senator,Democrat,CT,44(1875-1876),http://bioguide.congress.gov/scripts/biodisplay.pl?index=B000166
"BASS, Lyman Kidder",1836-1889,Representative,Republican,NY,44(1875-1876),http://bioguide.congress.gov/scripts/biodisplay.pl?index=B000221
"BAYARD, Thomas Francis, Sr.",1828-1898,Senator,Democrat,DE,44(1875-1876),http://bioguide.congress.gov/scripts/biodisplay.pl?index=B000253
"BEEBE, George Monroe",1836-1927,Representative,Democrat,NY,44(1875-1876),http://bioguide.congress.gov/scripts/biodisplay.pl?index=B000305
"BELFORD, James Burns",1837-1910,Representative,Republican,CO,44(1875-1876),http://bioguide.congress.gov/scripts/biodisplay.pl?index=B000326
"BELL, Samuel Newell",1829-1889,Representative,Democrat,NH,44(1875-1876),http://bioguide.congress.gov/scripts/biodisplay.pl?index=B000346
"BENNETT, Thomas Warren",1831-1893,Delegate,Independent,ID,44(1875-1876),http://bioguide.congress.gov/scripts/biodisplay.pl?index=B000383
"BLACKBURN, Joseph Clay Stiles",1838-1918,Representative,Democrat,KY,44(1875-1876),http://bioguide.congress.gov/scripts/biodisplay.pl?index=B000508
"BLAINE, James Gillespie",1830-1893,Representative,Republican,ME,44(1875-1876),http://bioguide.congress.gov/scripts/biodisplay.pl?index=B000519
 ,,Senator,Republican,ME,44(1875-1876),http://bioguide.congress.gov/scripts/biodisplay.pl?index=B000519
"BLAIR, Henry William",1834-1920,Representative,Republican,NH,44(1875-1876),http://bioguide.congress.gov/scripts/biodisplay.pl?index=B000524
"BLAND, Richard Parks",1835-1899,Representative,Democrat,MO,44(1875-1876),http://bioguide.congress.gov/scripts/biodisplay.pl?index=B000544
"BLISS, Archibald Meserole",1838-1923,Representative,Democrat,NY,44(1875-1876),http://bioguide.congress.gov/scripts/biodisplay.pl?index=B000558
"BLOUNT, James Henderson",1837-1903,Representative,Democrat,GA,44(1875-1876),http://bioguide.congress.gov/scripts/biodisplay.pl?index=B000568
"BOGY, Lewis Vital",1813-1877,Senator,Democrat,MO,44(1875-1876),http://bioguide.congress.gov/scripts/biodisplay.pl?index=B000595
"BOONE, Andrew Rechmond",1831-1886,Representative,Democrat,KY,44(1875-1876),http://bioguide.congress.gov/scripts/biodisplay.pl?index=B000629
"BOOTH, Newton",1825-1892,Senator,Independent Republican,CA,44(1875-1876),http://bioguide.congress.gov/scripts/biodisplay.pl?index=B000630
"BOUTWELL, George Sewel",1818-1905,Senator,Republican,MA,44(1875-1876),http://bioguide.congress.gov/scripts/biodisplay.pl?index=B000674
"BRADFORD, Taul",1835-1883,Representative,Democrat,AL,44(1875-1876),http://bioguide.congress.gov/scripts/biodisplay.pl?index=B000738
"BRADLEY, Nathan Ball",1831-1906,Representative,Republican,MI,44(1875-1876),http://bioguide.congress.gov/scripts/biodisplay.pl?index=B000744
"BRIGHT, John Morgan",1817-1911,Representative,Democrat,TN,44(1875-1876),http://bioguide.congress.gov/scripts/biodisplay.pl?index=B000836
"BROWN, John Young",1835-1904,Representative,Democrat,KY,44(1875-1876),http://bioguide.congress.gov/scripts/biodisplay.pl?index=B000933
"BROWN, William Ripley",1840-1916,Representative,Republican,KS,44(1875-1876),http://bioguide.congress.gov/scripts/biodisplay.pl?index=B000951
"BRUCE, Blanche Kelso",1841-1898,Senator,Republican,MS,44(1875-1876),http://bioguide.congress.gov/scripts/biodisplay.pl?index=B000968
"BUCKNER, Aylett Hawes",1816-1894,Representative,Democrat,MO,44(1875-1876),http://bioguide.congress.gov/scripts/biodisplay.pl?index=B001031
"BUFFINTON, James",1817-1875,Representative,Republican,MA,44(1875-1876),http://bioguide.congress.gov/scripts/biodisplay.pl?index=B001040
"BURCHARD, Horatio Chapin",1825-1908,Representative,Republican,IL,44(1875-1876),http://bioguide.congress.gov/scripts/biodisplay.pl?index=B001070
"BURCHARD, Samuel Dickinson",1836-1901,Representative,Democrat,WI,44(1875-1876),http://bioguide.congress.gov/scripts/biodisplay.pl?index=B001071
"BURLEIGH, John Holmes",1822-1877,Representative,Republican,ME,44(1875-1876),http://bioguide.congress.gov/scripts/biodisplay.pl?index=B001107
"BURNSIDE, Ambrose Everett",1824-1881,Senator,Republican,RI,44(1875-1876),http://bioguide.congress.gov/scripts/biodisplay.pl?index=B001130
"BUTTZ, Charles Wilson",1837-1913,Representative,Republican,SC,44(1875-1876),http://bioguide.congress.gov/scripts/biodisplay.pl?index=B001202
"CABELL, George Craighead",1836-1906,Representative,Democrat,VA,44(1875-1876),http://bioguide.congress.gov/scripts/biodisplay.pl?index=C000004
"CALDWELL, John Henry",1826-1902,Representative,Democrat,AL,44(1875-1876),http://bioguide.congress.gov/scripts/biodisplay.pl?index=C000035
"CALDWELL, William Parker",1832-1903,Representative,Democrat,TN,44(1875-1876),http://bioguide.congress.gov/scripts/biodisplay.pl?index=C000041
"CAMERON, Angus",1826-1897,Senator,Republican,WI,44(1875-1876),http://bioguide.congress.gov/scripts/biodisplay.pl?index=C000064
"CAMERON, Simon",1799-1889,Senator,Republican,PA,44(1875-1876),http://bioguide.congress.gov/scripts/biodisplay.pl?index=C000068
"CAMPBELL, Alexander",1814-1898,Representative,Independent,IL,44(1875-1876),http://bioguide.congress.gov/scripts/biodisplay.pl?index=C000075
"CANDLER, Milton Anthony",1837-1909,Representative,Democrat,GA,44(1875-1876),http://bioguide.congress.gov/scripts/biodisplay.pl?index=C000112
"CANNON, George Quayle",1827-1901,Delegate,Republican,UT,44(1875-1876),http://bioguide.congress.gov/scripts/biodisplay.pl?index=C000119
"CANNON, Joseph Gurney",1836-1926,Representative,Republican,IL,44(1875-1876),http://bioguide.congress.gov/scripts/biodisplay.pl?index=C000121
"CAPERTON, Allen Taylor",1810-1876,Senator,Democrat,WV,44(1875-1876),http://bioguide.congress.gov/scripts/biodisplay.pl?index=C000130
"CARR, Nathan Tracy",1833-1885,Representative,Democrat,IN,44(1875-1876),http://bioguide.congress.gov/scripts/biodisplay.pl?index=C000179
"CASON, Thomas Jefferson",1828-1901,Representative,Republican,IN,44(1875-1876),http://bioguide.congress.gov/scripts/biodisplay.pl?index=C000232
"CASWELL, Lucien Bonaparte",1827-1919,Representative,Republican,WI,44(1875-1876),http://bioguide.congress.gov/scripts/biodisplay.pl?index=C000245
"CATE, George Washington",1825-1905,Representative,Democrat,WI,44(1875-1876),http://bioguide.congress.gov/scripts/biodisplay.pl?index=C000248
"CAULFIELD, Bernard Gregory",1828-1887,Representative,Democrat,IL,44(1875-1876),http://bioguide.congress.gov/scripts/biodisplay.pl?index=C000255
"CHAFFEE, Jerome Bunty",1825-1886,Senator,Republican,CO,44(1875-1876),http://bioguide.congress.gov/scripts/biodisplay.pl?index=C000271
"CHAPIN, Chester William",1798-1883,Representative,Democrat,MA,44(1875-1876),http://bioguide.congress.gov/scripts/biodisplay.pl?index=C000305
"CHITTENDEN, Simeon Baldwin",1814-1889,Representative,Republican,NY,44(1875-1876),http://bioguide.congress.gov/scripts/biodisplay.pl?index=C000373
"CHRISTIANCY, Isaac Peckham",1812-1890,Senator,Republican,MI,44(1875-1876),http://bioguide.congress.gov/scripts/biodisplay.pl?index=C000379
"CLARK, John Bullock, Jr.",1831-1903,Representative,Democrat,MO,44(1875-1876),http://bioguide.congress.gov/scripts/biodisplay.pl?index=C000442
"CLARKE, John Blades",1833-1911,Representative,Democrat,KY,44(1875-1876),http://bioguide.congress.gov/scripts/biodisplay.pl?index=C000464
"CLAYTON, Powell",1833-1914,Senator,Republican,AR,44(1875-1876),http://bioguide.congress.gov/scripts/biodisplay.pl?index=C000498
"CLYMER, Hiester",1827-1884,Representative,Democrat,PA,44(1875-1876),http://bioguide.congress.gov/scripts/biodisplay.pl?index=C000539
"COCHRAN, Alexander Gilmore",1846-1928,Representative,Democrat,PA,44(1875-1876),http://bioguide.congress.gov/scripts/biodisplay.pl?index=C000561
"COCKRELL, Francis Marion",1834-1915,Senator,Democrat,MO,44(1875-1876),http://bioguide.congress.gov/scripts/biodisplay.pl?index=C000576
"COLLINS, Francis Dolan",1841-1891,Representative,Democrat,PA,44(1875-1876),http://bioguide.congress.gov/scripts/biodisplay.pl?index=C000636
"CONGER, Omar Dwight",1818-1898,Representative,Republican,MI,44(1875-1876),http://bioguide.congress.gov/scripts/biodisplay.pl?index=C000678
"CONKLING, Roscoe",1829-1888,Senator,Republican,NY,44(1875-1876),http://bioguide.congress.gov/scripts/biodisplay.pl?index=C000681
"CONOVER, Simon Barclay",1840-1908,Senator,Republican,FL,44(1875-1876),http://bioguide.congress.gov/scripts/biodisplay.pl?index=C000701
"COOK, Philip",1817-1894,Representative,Democrat,GA,44(1875-1876),http://bioguide.congress.gov/scripts/biodisplay.pl?index=C000724
"COOPER, Henry",1827-1884,Senator,Democrat,TN,44(1875-1876),http://bioguide.congress.gov/scripts/biodisplay.pl?index=C000751
"COWAN, Jacob Pitzer",1823-1895,Representative,Democrat,OH,44(1875-1876),http://bioguide.congress.gov/scripts/biodisplay.pl?index=C000820
"COX, Samuel Sullivan",1824-1889,Representative,Democrat,NY,44(1875-1876),http://bioguide.congress.gov/scripts/biodisplay.pl?index=C000839
"CRAGIN, Aaron Harrison",1821-1898,Senator,Republican,NH,44(1875-1876),http://bioguide.congress.gov/scripts/biodisplay.pl?index=C000852
"CRAPO, William Wallace",1830-1926,Representative,Republican,MA,44(1875-1876),http://bioguide.congress.gov/scripts/biodisplay.pl?index=C000881
"CROUNSE, Lorenzo",1834-1909,Representative,Republican,NE,44(1875-1876),http://bioguide.congress.gov/scripts/biodisplay.pl?index=C000935
"CULBERSON, David Browning",1830-1900,Representative,Democrat,TX,44(1875-1876),http://bioguide.congress.gov/scripts/biodisplay.pl?index=C000964
"CUTLER, Augustus William",1827-1897,Representative,Democrat,NJ,44(1875-1876),http://bioguide.congress.gov/scripts/biodisplay.pl?index=C001025
"DANFORD, Lorenzo",1829-1899,Representative,Republican,OH,44(1875-1876),http://bioguide.congress.gov/scripts/biodisplay.pl?index=D000028
"DARRALL, Chester Bidwell",1842-1908,Representative,Republican,LA,44(1875-1876),http://bioguide.congress.gov/scripts/biodisplay.pl?index=D000062
"DAVIS, Henry Gassaway",1823-1916,Senator,Democrat,WV,44(1875-1876),http://bioguide.congress.gov/scripts/biodisplay.pl?index=D000103
"DAVIS, Joseph Jonathan",1828-1892,Representative,Democrat,NC,44(1875-1876),http://bioguide.congress.gov/scripts/biodisplay.pl?index=D000123
"DAVY, John Madison",1835-1909,Representative,Republican,NY,44(1875-1876),http://bioguide.congress.gov/scripts/biodisplay.pl?index=D000145
"DAWES, Henry Laurens",1816-1903,Senator,Republican,MA,44(1875-1876),http://bioguide.congress.gov/scripts/biodisplay.pl?index=D000148
"DE BOLT, Rezin A.",1828-1891,Representative,Democrat,MO,44(1875-1876),http://bioguide.congress.gov/scripts/biodisplay.pl?index=D000180
"DENISON, Dudley Chase",1819-1905,Representative,Republican,VT,44(1875-1876),http://bioguide.congress.gov/scripts/biodisplay.pl?index=D000236
"DENNIS, George Robertson",1822-1882,Senator,Democrat,MD,44(1875-1876),http://bioguide.congress.gov/scripts/biodisplay.pl?index=D000242
"DIBRELL, George Gibbs",1822-1888,Representative,Democrat,TN,44(1875-1876),http://bioguide.congress.gov/scripts/biodisplay.pl?index=D000301
"DOBBINS, Samuel Atkinson",1814-1886,Representative,Republican,NJ,44(1875-1876),http://bioguide.congress.gov/scripts/biodisplay.pl?index=D000383
"DORSEY, Stephen Wallace",1842-1916,Senator,Republican,AR,44(1875-1876),http://bioguide.congress.gov/scripts/biodisplay.pl?index=D000441
"DOUGLAS, Beverly Browne",1822-1878,Representative,Democrat,VA,44(1875-1876),http://bioguide.congress.gov/scripts/biodisplay.pl?index=D000450
"DUNNELL, Mark Hill",1823-1904,Representative,Republican,MN,44(1875-1876),http://bioguide.congress.gov/scripts/biodisplay.pl?index=D000555
"DURAND, George Harman",1838-1903,Representative,Democrat,MI,44(1875-1876),http://bioguide.congress.gov/scripts/biodisplay.pl?index=D000562
"DURHAM, Milton Jameson",1824-1911,Representative,Democrat,KY,44(1875-1876),http://bioguide.congress.gov/scripts/biodisplay.pl?index=D000572
"EAMES, Benjamin Tucker",1818-1901,Representative,Republican,RI,44(1875-1876),http://bioguide.congress.gov/scripts/biodisplay.pl?index=E000005
"EATON, William Wallace",1816-1898,Senator,Democrat,CT,44(1875-1876),http://bioguide.congress.gov/scripts/biodisplay.pl?index=E000028
"EDEN, John Rice",1826-1909,Representative,Democrat,IL,44(1875-1876),http://bioguide.congress.gov/scripts/biodisplay.pl?index=E000042
"EDMUNDS, George Franklin",1828-1919,Senator,Republican,VT,44(1875-1876),http://bioguide.congress.gov/scripts/biodisplay.pl?index=E000056
"EGBERT, Albert Gallatin",1828-1896,Representative,Democrat,PA,44(1875-1876),http://bioguide.congress.gov/scripts/biodisplay.pl?index=E000087
"ELKINS, Stephen Benton",1841-1911,Delegate,Republican,NM,44(1875-1876),http://bioguide.congress.gov/scripts/biodisplay.pl?index=E000110
"ELLIS, Ezekiel John",1840-1889,Representative,Democrat,LA,44(1875-1876),http://bioguide.congress.gov/scripts/biodisplay.pl?index=E000134
"ELY, Smith, Jr.",1825-1911,Representative,Democrat,NY,44(1875-1876),http://bioguide.congress.gov/scripts/biodisplay.pl?index=E000167
"ENGLISH, James Edward",1812-1890,Senator,Democrat,CT,44(1875-1876),http://bioguide.congress.gov/scripts/biodisplay.pl?index=E000185
"EUSTIS, James Biddle",1834-1899,Senator,Democrat,LA,44(1875-1876),http://bioguide.congress.gov/scripts/biodisplay.pl?index=E000229
"EVANS, James La Fayette",1825-1903,Representative,Republican,IN,44(1875-1876),http://bioguide.congress.gov/scripts/biodisplay.pl?index=E000245
"FARWELL, Charles Benjamin",1823-1903,Representative,Republican,IL,44(1875-1876),http://bioguide.congress.gov/scripts/biodisplay.pl?index=F000037
"FAULKNER, Charles James",1806-1884,Representative,Democrat,WV,44(1875-1876),http://bioguide.congress.gov/scripts/biodisplay.pl?index=F000044
"FELTON, William Harrell",1823-1909,Representative,Independent Democrat,GA,44(1875-1876),http://bioguide.congress.gov/scripts/biodisplay.pl?index=F000070
"FENN, Stephen Southmyd",1820-1892,Delegate,Democrat,ID,44(1875-1876),http://bioguide.congress.gov/scripts/biodisplay.pl?index=F000073
"FERRY, Orris Sanford",1823-1875,Senator,Republican,CT,44(1875-1876),http://bioguide.congress.gov/scripts/biodisplay.pl?index=F000094
"FERRY, Thomas White",1827-1896,Senator,Republican,MI,44(1875-1876),http://bioguide.congress.gov/scripts/biodisplay.pl?index=F000095
"FIELD, David Dudley",1805-1894,Representative,Democrat,NY,44(1875-1876),http://bioguide.congress.gov/scripts/biodisplay.pl?index=F000104
"FINLEY, Jesse Johnson",1812-1904,Representative,Democrat,FL,44(1875-1876),http://bioguide.congress.gov/scripts/biodisplay.pl?index=F000134
"FITE, Samuel McClary",1816-1875,Representative,Democrat,TN,44(1875-1876),http://bioguide.congress.gov/scripts/biodisplay.pl?index=F000160
"FLYE, Edwin",1817-1886,Representative,Republican,ME,44(1875-1876),http://bioguide.congress.gov/scripts/biodisplay.pl?index=F000225
"FORNEY, William Henry",1823-1894,Representative,Democrat,AL,44(1875-1876),http://bioguide.congress.gov/scripts/biodisplay.pl?index=F000280
"FORT, Greenbury Lafayette",1825-1883,Representative,Republican,IL,44(1875-1876),http://bioguide.congress.gov/scripts/biodisplay.pl?index=F000288
"FOSTER, Charles",1828-1904,Representative,Republican,OH,44(1875-1876),http://bioguide.congress.gov/scripts/biodisplay.pl?index=F000299
"FRANKLIN, Benjamin Joseph",1839-1898,Representative,Democrat,MO,44(1875-1876),http://bioguide.congress.gov/scripts/biodisplay.pl?index=F000343
"FREEMAN, Chapman",1832-1904,Representative,Republican,PA,44(1875-1876),http://bioguide.congress.gov/scripts/biodisplay.pl?index=F000361
"FRELINGHUYSEN, Frederick Theodore",1817-1885,Senator,Republican,NJ,44(1875-1876),http://bioguide.congress.gov/scripts/biodisplay.pl?index=F000369
"FROST, Rufus Smith",1826-1894,Representative,Republican,MA,44(1875-1876),http://bioguide.congress.gov/scripts/biodisplay.pl?index=F000394
"FRYE, William Pierce",1830-1911,Representative,Republican,ME,44(1875-1876),http://bioguide.congress.gov/scripts/biodisplay.pl?index=F000398
"FULLER, Benoni Stinson",1825-1903,Representative,Democrat,IN,44(1875-1876),http://bioguide.congress.gov/scripts/biodisplay.pl?index=F000406
"GARFIELD, James Abram",1831-1881,Representative,Republican,OH,44(1875-1876),http://bioguide.congress.gov/scripts/biodisplay.pl?index=G000063
"GAUSE, Lucien Coatsworth",1836-1880,Representative,Democrat,AR,44(1875-1876),http://bioguide.congress.gov/scripts/biodisplay.pl?index=G000100
"GIBSON, Randall Lee",1832-1892,Representative,Democrat,LA,44(1875-1876),http://bioguide.congress.gov/scripts/biodisplay.pl?index=G000165
"GLOVER, John Montgomery",1822-1891,Representative,Democrat,MO,44(1875-1876),http://bioguide.congress.gov/scripts/biodisplay.pl?index=G000245
"GOLDTHWAITE, George",1809-1879,Senator,Democrat,AL,44(1875-1876),http://bioguide.congress.gov/scripts/biodisplay.pl?index=G000266
"GOODE, John, Jr.",1829-1909,Representative,Democrat,VA,44(1875-1876),http://bioguide.congress.gov/scripts/biodisplay.pl?index=G000277
"GOODIN, John Randolph",1836-1885,Representative,Democrat,KS,44(1875-1876),http://bioguide.congress.gov/scripts/biodisplay.pl?index=G000287
"GORDON, John Brown",1832-1904,Senator,Democrat,GA,44(1875-1876),http://bioguide.congress.gov/scripts/biodisplay.pl?index=G000313
"GUNTER, Thomas Montague",1826-1904,Representative,Democrat,AR,44(1875-1876),http://bioguide.congress.gov/scripts/biodisplay.pl?index=G000527
"HALE, Eugene",1836-1918,Representative,Republican,ME,44(1875-1876),http://bioguide.congress.gov/scripts/biodisplay.pl?index=H000029
"HAMILTON, Andrew Holman",1834-1895,Representative,Democrat,IN,44(1875-1876),http://bioguide.congress.gov/scripts/biodisplay.pl?index=H000102
"HAMILTON, Morgan Calvin",1809-1893,Senator,Republican,TX,44(1875-1876),http://bioguide.congress.gov/scripts/biodisplay.pl?index=H000115
"HAMILTON, Robert",1809-1878,Representative,Democrat,NJ,44(1875-1876),http://bioguide.congress.gov/scripts/biodisplay.pl?index=H000117
"HAMLIN, Hannibal",1809-1891,Senator,Republican,ME,44(1875-1876),http://bioguide.congress.gov/scripts/biodisplay.pl?index=H000121
"HANCOCK, John",1824-1893,Representative,Democrat,TX,44(1875-1876),http://bioguide.congress.gov/scripts/biodisplay.pl?index=H000150
"HARALSON, Jeremiah",1846-1916,Representative,Republican,AL,44(1875-1876),http://bioguide.congress.gov/scripts/biodisplay.pl?index=H000179
"HARDENBERGH, Augustus Albert",1830-1889,Representative,Democrat,NJ,44(1875-1876),http://bioguide.congress.gov/scripts/biodisplay.pl?index=H000183
"HARRIS, Benjamin Winslow",1823-1907,Representative,Republican,MA,44(1875-1876),http://bioguide.congress.gov/scripts/biodisplay.pl?index=H000233
"HARRIS, Henry Richard",1828-1909,Representative,Democrat,GA,44(1875-1876),http://bioguide.congress.gov/scripts/biodisplay.pl?index=H000239
"HARRIS, John Thomas",1823-1899,Representative,Democrat,VA,44(1875-1876),http://bioguide.congress.gov/scripts/biodisplay.pl?index=H000247
"HARRISON, Carter Henry",1825-1893,Representative,Democrat,IL,44(1875-1876),http://bioguide.congress.gov/scripts/biodisplay.pl?index=H000267
"HARTRIDGE, Julian",1829-1879,Representative,Democrat,GA,44(1875-1876),http://bioguide.congress.gov/scripts/biodisplay.pl?index=H000303
"HARTZELL, William",1837-1903,Representative,Democrat,IL,44(1875-1876),http://bioguide.congress.gov/scripts/biodisplay.pl?index=H000304
"HARVEY, James Madison",1833-1894,Senator,Republican,KS,44(1875-1876),http://bioguide.congress.gov/scripts/biodisplay.pl?index=H000307
"HATCHER, Robert Anthony",1819-1886,Representative,Democrat,MO,44(1875-1876),http://bioguide.congress.gov/scripts/biodisplay.pl?index=H000341
"HATHORN, Henry Harrison",1813-1887,Representative,Republican,NY,44(1875-1876),http://bioguide.congress.gov/scripts/biodisplay.pl?index=H000347
"HAYMOND, William Summerville",1823-1885,Representative,Democrat,IN,44(1875-1876),http://bioguide.congress.gov/scripts/biodisplay.pl?index=H000396
"HAYS, Charles",1834-1879,Representative,Republican,AL,44(1875-1876),http://bioguide.congress.gov/scripts/biodisplay.pl?index=H000402
"HENDEE, George Whitman",1832-1906,Representative,Republican,VT,44(1875-1876),http://bioguide.congress.gov/scripts/biodisplay.pl?index=H000474
"HENDERSON, Thomas Jefferson",1824-1911,Representative,Republican,IL,44(1875-1876),http://bioguide.congress.gov/scripts/biodisplay.pl?index=H000489
"HENKLE, Eli Jones",1828-1893,Representative,Democrat,MD,44(1875-1876),http://bioguide.congress.gov/scripts/biodisplay.pl?index=H000497
"HEREFORD, Frank",1825-1891,Representative,Democrat,WV,44(1875-1876),http://bioguide.congress.gov/scripts/biodisplay.pl?index=H000527
 ,,Senator,Democrat,WV,44(1875-1876),http://bioguide.congress.gov/scripts/biodisplay.pl?index=H000527
"HEWITT, Abram Stevens",1822-1903,Representative,Democrat,NY,44(1875-1876),http://bioguide.congress.gov/scripts/biodisplay.pl?index=H000552
"HEWITT, Goldsmith Whitehouse",1834-1895,Representative,Democrat,AL,44(1875-1876),http://bioguide.congress.gov/scripts/biodisplay.pl?index=H000553
"HILL, Benjamin Harvey",1823-1882,Representative,Democrat,GA,44(1875-1876),http://bioguide.congress.gov/scripts/biodisplay.pl?index=H000587
"HITCHCOCK, Phineas Warren",1831-1881,Senator,Republican,NE,44(1875-1876),http://bioguide.congress.gov/scripts/biodisplay.pl?index=H000648
"HOAR, George Frisbie",1826-1904,Representative,Republican,MA,44(1875-1876),http://bioguide.congress.gov/scripts/biodisplay.pl?index=H000654
"HOGE, Solomon Lafayette",1836-1909,Representative,Republican,SC,44(1875-1876),http://bioguide.congress.gov/scripts/biodisplay.pl?index=H000698
"HOLMAN, William Steele",1822-1897,Representative,Democrat,IN,44(1875-1876),http://bioguide.congress.gov/scripts/biodisplay.pl?index=H000732
"HOOKER, Charles Edward",1825-1914,Representative,Democrat,MS,44(1875-1876),http://bioguide.congress.gov/scripts/biodisplay.pl?index=H000758
"HOPKINS, James Herron",1832-1904,Representative,Democrat,PA,44(1875-1876),http://bioguide.congress.gov/scripts/biodisplay.pl?index=H000775
"HOSKINS, George Gilbert",1824-1893,Representative,Republican,NY,44(1875-1876),http://bioguide.congress.gov/scripts/biodisplay.pl?index=H000801
"HOUSE, John Ford",1827-1904,Representative,Democrat,TN,44(1875-1876),http://bioguide.congress.gov/scripts/biodisplay.pl?index=H000819
"HOWE, Timothy Otis",1816-1883,Senator,Republican,WI,44(1875-1876),http://bioguide.congress.gov/scripts/biodisplay.pl?index=H000856
"HUBBELL, Jay Abel",1829-1900,Representative,Republican,MI,44(1875-1876),http://bioguide.congress.gov/scripts/biodisplay.pl?index=H000894
"HUMPHREYS, Andrew",1821-1904,Representative,Democrat,IN,44(1875-1876),http://bioguide.congress.gov/scripts/biodisplay.pl?index=H000959
"HUNTER, Morton Craig",1825-1896,Representative,Republican,IN,44(1875-1876),http://bioguide.congress.gov/scripts/biodisplay.pl?index=H000985
"HUNTON, Eppa",1822-1908,Representative,Democrat,VA,44(1875-1876),http://bioguide.congress.gov/scripts/biodisplay.pl?index=H000999
"HURD, Frank Hunt",1840-1896,Representative,Democrat,OH,44(1875-1876),http://bioguide.congress.gov/scripts/biodisplay.pl?index=H001002
"HURLBUT, Stephen Augustus",1815-1882,Representative,Republican,IL,44(1875-1876),http://bioguide.congress.gov/scripts/biodisplay.pl?index=H001003
"HYMAN, John Adams",1840-1891,Representative,Republican,NC,44(1875-1876),http://bioguide.congress.gov/scripts/biodisplay.pl?index=H001025
"INGALLS, John James",1833-1900,Senator,Republican,KS,44(1875-1876),http://bioguide.congress.gov/scripts/biodisplay.pl?index=I000012
"JACOBS, Orange",1827-1914,Delegate,Republican,WA,44(1875-1876),http://bioguide.congress.gov/scripts/biodisplay.pl?index=J000037
"JENKS, George Augustus",1836-1908,Representative,Democrat,PA,44(1875-1876),http://bioguide.congress.gov/scripts/biodisplay.pl?index=J000091
"JOHNSON, Andrew",1808-1875,Senator,Democrat,TN,44(1875-1876),http://bioguide.congress.gov/scripts/biodisplay.pl?index=J000116
"JOHNSTON, John Warfield",1818-1889,Senator,Democrat,VA,44(1875-1876),http://bioguide.congress.gov/scripts/biodisplay.pl?index=J000191
"JONES, Charles William",1834-1897,Senator,Democrat,FL,44(1875-1876),http://bioguide.congress.gov/scripts/biodisplay.pl?index=J000214
"JONES, Frank",1832-1902,Representative,Democrat,NH,44(1875-1876),http://bioguide.congress.gov/scripts/biodisplay.pl?index=J000219
"JONES, John Percival",1829-1912,Senator,Republican,NV,44(1875-1876),http://bioguide.congress.gov/scripts/biodisplay.pl?index=J000237
"JONES, Thomas Laurens",1819-1887,Representative,Democrat,KY,44(1875-1876),http://bioguide.congress.gov/scripts/biodisplay.pl?index=J000253
"JOYCE, Charles Herbert",1830-1916,Representative,Republican,VT,44(1875-1876),http://bioguide.congress.gov/scripts/biodisplay.pl?index=J000275
"KASSON, John Adam",1822-1910,Representative,Republican,IA,44(1875-1876),http://bioguide.congress.gov/scripts/biodisplay.pl?index=K000018
"KEHR, Edward Charles",1837-1918,Representative,Democrat,MO,44(1875-1876),http://bioguide.congress.gov/scripts/biodisplay.pl?index=K000047
"KELLEY, William Darrah",1814-1890,Representative,Republican,PA,44(1875-1876),http://bioguide.congress.gov/scripts/biodisplay.pl?index=K000062
"KELLY, James Kerr",1819-1903,Senator,Democrat,OR,44(1875-1876),http://bioguide.congress.gov/scripts/biodisplay.pl?index=K000074
"KERNAN, Francis",1816-1892,Senator,Democrat,NY,44(1875-1876),http://bioguide.congress.gov/scripts/biodisplay.pl?index=K000133
"KERR, Michael Crawford",1827-1876,Representative,Democrat,IN,44(1875-1876),http://bioguide.congress.gov/scripts/biodisplay.pl?index=K000143
 ,,Speaker of the House,Democrat,US,44(1875-1876),http://bioguide.congress.gov/scripts/biodisplay.pl?index=K000143
"KETCHUM, Winthrop Welles",1820-1879,Representative,Republican,PA,44(1875-1876),http://bioguide.congress.gov/scripts/biodisplay.pl?index=K000154
"KEY, David McKendree",1824-1900,Senator,Democrat,TN,44(1875-1876),http://bioguide.congress.gov/scripts/biodisplay.pl?index=K000156
"KIDDER, Jefferson Parish",1815-1883,Delegate,Republican,DK,44(1875-1876),http://bioguide.congress.gov/scripts/biodisplay.pl?index=K000164
"KIMBALL, Alanson Mellen",1827-1913,Representative,Republican,WI,44(1875-1876),http://bioguide.congress.gov/scripts/biodisplay.pl?index=K000182
"KING, William Smith",1828-1900,Representative,Republican,MN,44(1875-1876),http://bioguide.congress.gov/scripts/biodisplay.pl?index=K000218
"KNOTT, James Proctor",1830-1911,Representative,Democrat,KY,44(1875-1876),http://bioguide.congress.gov/scripts/biodisplay.pl?index=K000290
"LA DOW, George Augustus",1826-1875,Representative,Democrat,OR,44(1875-1876),http://bioguide.congress.gov/scripts/biodisplay.pl?index=L000002
"LAMAR, Lucius Quintus Cincinnatus",1825-1893,Representative,Democrat,MS,44(1875-1876),http://bioguide.congress.gov/scripts/biodisplay.pl?index=L000030
"LANDERS, Franklin",1825-1901,Representative,Democrat,IN,44(1875-1876),http://bioguide.congress.gov/scripts/biodisplay.pl?index=L000046
"LANDERS, George Marcellus",1813-1895,Representative,Democrat,CT,44(1875-1876),http://bioguide.congress.gov/scripts/biodisplay.pl?index=L000047
"LANE, La Fayette",1842-1896,Representative,Democrat,OR,44(1875-1876),http://bioguide.congress.gov/scripts/biodisplay.pl?index=L000064
"LAPHAM, Elbridge Gerry",1814-1890,Representative,Republican,NY,44(1875-1876),http://bioguide.congress.gov/scripts/biodisplay.pl?index=L000092
"LAWRENCE, William",1819-1899,Representative,Republican,OH,44(1875-1876),http://bioguide.congress.gov/scripts/biodisplay.pl?index=L000140
"LE MOYNE, John Valcoulon",1828-1918,Representative,Democrat,IL,44(1875-1876),http://bioguide.congress.gov/scripts/biodisplay.pl?index=L000162
"LEAVENWORTH, Elias Warner",1803-1887,Representative,Republican,NY,44(1875-1876),http://bioguide.congress.gov/scripts/biodisplay.pl?index=L000182
"LEVY, William Mallory",1827-1882,Representative,Democrat,LA,44(1875-1876),http://bioguide.congress.gov/scripts/biodisplay.pl?index=L000269
"LEWIS, Burwell Boykin",1838-1885,Representative,Democrat,AL,44(1875-1876),http://bioguide.congress.gov/scripts/biodisplay.pl?index=L000272
"LOGAN, John Alexander",1826-1886,Senator,Republican,IL,44(1875-1876),http://bioguide.congress.gov/scripts/biodisplay.pl?index=L000403
"LORD, Scott",1820-1885,Representative,Democrat,NY,44(1875-1876),http://bioguide.congress.gov/scripts/biodisplay.pl?index=L000442
"LUTTRELL, John King",1831-1893,Representative,Democrat,CA,44(1875-1876),http://bioguide.congress.gov/scripts/biodisplay.pl?index=L000522
"LYNCH, John Roy",1847-1939,Representative,Republican,MS,44(1875-1876),http://bioguide.congress.gov/scripts/biodisplay.pl?index=L000533
"LYNDE, William Pitt",1817-1885,Representative,Democrat,WI,44(1875-1876),http://bioguide.congress.gov/scripts/biodisplay.pl?index=L000538
"MacDOUGALL, Clinton Dugald",1839-1914,Representative,Republican,NY,44(1875-1876),http://bioguide.congress.gov/scripts/biodisplay.pl?index=M000007
"MACKEY, Edmund William McGregor",1846-1884,Representative,Independent Republican,SC,44(1875-1876),http://bioguide.congress.gov/scripts/biodisplay.pl?index=M000024
"MACKEY, Levi Augustus",1819-1889,Representative,Democrat,PA,44(1875-1876),http://bioguide.congress.gov/scripts/biodisplay.pl?index=M000025
"MAGINNIS, Martin",1841-1919,Delegate,Democrat,MT,44(1875-1876),http://bioguide.congress.gov/scripts/biodisplay.pl?index=M000050
"MAGOON, Henry Sterling",1832-1889,Representative,Republican,WI,44(1875-1876),http://bioguide.congress.gov/scripts/biodisplay.pl?index=M000054
"MAISH, Levi",1837-1899,Representative,Democrat,PA,44(1875-1876),http://bioguide.congress.gov/scripts/biodisplay.pl?index=M000072
"MAXEY, Samuel Bell",1825-1895,Senator,Democrat,TX,44(1875-1876),http://bioguide.congress.gov/scripts/biodisplay.pl?index=M000265
"McCRARY, George Washington",1835-1890,Representative,Republican,IA,44(1875-1876),http://bioguide.congress.gov/scripts/biodisplay.pl?index=M000379
"McCREERY, Thomas Clay",1816-1890,Senator,Democrat,KY,44(1875-1876),http://bioguide.congress.gov/scripts/biodisplay.pl?index=M000385
"McDILL, James Wilson",1834-1894,Representative,Republican,IA,44(1875-1876),http://bioguide.congress.gov/scripts/biodisplay.pl?index=M000407
"McDONALD, Joseph Ewing",1819-1891,Senator,Democrat,IN,44(1875-1876),http://bioguide.congress.gov/scripts/biodisplay.pl?index=M000412
"McFARLAND, William",1821-1900,Representative,Democrat,TN,44(1875-1876),http://bioguide.congress.gov/scripts/biodisplay.pl?index=M000439
"McMAHON, John A.",1833-1923,Representative,Democrat,OH,44(1875-1876),http://bioguide.congress.gov/scripts/biodisplay.pl?index=M000561
"McMILLAN, Samuel James Renwick",1826-1897,Senator,Republican,MN,44(1875-1876),http://bioguide.congress.gov/scripts/biodisplay.pl?index=M000570
"MEADE, Edwin Ruthven",1836-1889,Representative,Democrat,NY,44(1875-1876),http://bioguide.congress.gov/scripts/biodisplay.pl?index=M000616
"MERRIMON, Augustus Summerfield",1830-1892,Senator,Democrat,NC,44(1875-1876),http://bioguide.congress.gov/scripts/biodisplay.pl?index=M000659
"METCALFE, Henry Bleecker",1805-1881,Representative,Democrat,NY,44(1875-1876),http://bioguide.congress.gov/scripts/biodisplay.pl?index=M000673
"MILLER, Samuel Franklin",1827-1892,Representative,Republican,NY,44(1875-1876),http://bioguide.congress.gov/scripts/biodisplay.pl?index=M000752
"MILLIKEN, Charles William",1827-1915,Representative,Democrat,KY,44(1875-1876),http://bioguide.congress.gov/scripts/biodisplay.pl?index=M000768
"MILLS, Roger Quarles",1832-1911,Representative,Democrat,TX,44(1875-1876),http://bioguide.congress.gov/scripts/biodisplay.pl?index=M000777
"MITCHELL, John Hipple",1835-1905,Senator,Republican,OR,44(1875-1876),http://bioguide.congress.gov/scripts/biodisplay.pl?index=M000818
"MONEY, Hernando De Soto",1839-1912,Representative,Democrat,MS,44(1875-1876),http://bioguide.congress.gov/scripts/biodisplay.pl?index=M000854
"MONROE, James",1821-1898,Representative,Republican,OH,44(1875-1876),http://bioguide.congress.gov/scripts/biodisplay.pl?index=M000857
"MOREY, Frank",1840-1890,Representative,Republican,LA,44(1875-1876),http://bioguide.congress.gov/scripts/biodisplay.pl?index=M000942
"MORGAN, Charles Henry",1842-1912,Representative,Democrat,MO,44(1875-1876),http://bioguide.congress.gov/scripts/biodisplay.pl?index=M000944
"MORRILL, Justin Smith",1810-1898,Senator,Republican,VT,44(1875-1876),http://bioguide.congress.gov/scripts/biodisplay.pl?index=M000969
"MORRILL, Lot Myrick",1813-1883,Senator,Republican,ME,44(1875-1876),http://bioguide.congress.gov/scripts/biodisplay.pl?index=M000970
"MORRISON, William Ralls",1824-1909,Representative,Democrat,IL,44(1875-1876),http://bioguide.congress.gov/scripts/biodisplay.pl?index=M001000
"MORTON, Oliver Hazard Perry Throck",1823-1877,Senator,Republican,IN,44(1875-1876),http://bioguide.congress.gov/scripts/biodisplay.pl?index=M001020
"MUTCHLER, William",1831-1893,Representative,Democrat,PA,44(1875-1876),http://bioguide.congress.gov/scripts/biodisplay.pl?index=M001125
"NASH, Charles Edmund",1844-1913,Representative,Republican,LA,44(1875-1876),http://bioguide.congress.gov/scripts/biodisplay.pl?index=N000008
"NEAL, Lawrence Talbot",1844-1905,Representative,Democrat,OH,44(1875-1876),http://bioguide.congress.gov/scripts/biodisplay.pl?index=N000014
"NEW, Jeptha Dudley",1830-1892,Representative,Democrat,IN,44(1875-1876),http://bioguide.congress.gov/scripts/biodisplay.pl?index=N000060
"NORTON, Nelson Ira",1820-1887,Representative,Republican,NY,44(1875-1876),http://bioguide.congress.gov/scripts/biodisplay.pl?index=N000155
"NORWOOD, Thomas Manson",1830-1913,Senator,Democrat,GA,44(1875-1876),http://bioguide.congress.gov/scripts/biodisplay.pl?index=N000160
"O'BRIEN, William James",1836-1905,Representative,Democrat,MD,44(1875-1876),http://bioguide.congress.gov/scripts/biodisplay.pl?index=O000017
"O'NEILL, Charles",1821-1893,Representative,Republican,PA,44(1875-1876),http://bioguide.congress.gov/scripts/biodisplay.pl?index=O000093
"ODELL, Nathaniel Holmes",1828-1904,Representative,Democrat,NY,44(1875-1876),http://bioguide.congress.gov/scripts/biodisplay.pl?index=O000038
"OGLESBY, Richard James",1824-1899,Senator,Republican,IL,44(1875-1876),http://bioguide.congress.gov/scripts/biodisplay.pl?index=O000048
"OLIVER, Samuel Addison",1833-1912,Representative,Republican,IA,44(1875-1876),http://bioguide.congress.gov/scripts/biodisplay.pl?index=O000076
"PACKER, John Black",1824-1891,Representative,Republican,PA,44(1875-1876),http://bioguide.congress.gov/scripts/biodisplay.pl?index=P000008
"PADDOCK, Algernon Sidney",1830-1897,Senator,Republican,NE,44(1875-1876),http://bioguide.congress.gov/scripts/biodisplay.pl?index=P000010
"PAGE, Horace Francis",1833-1890,Representative,Republican,CA,44(1875-1876),http://bioguide.congress.gov/scripts/biodisplay.pl?index=P000017
"PARSONS, Edward Young",1842-1876,Representative,Democrat,KY,44(1875-1876),http://bioguide.congress.gov/scripts/biodisplay.pl?index=P000087
"PATTERSON, John James",1830-1912,Senator,Republican,SC,44(1875-1876),http://bioguide.congress.gov/scripts/biodisplay.pl?index=P000123
"PATTERSON, Thomas MacDonald",1839-1916,Delegate,Democrat,CO,44(1875-1876),http://bioguide.congress.gov/scripts/biodisplay.pl?index=P000130
"PAYNE, Henry B.",1810-1896,Representative,Democrat,OH,44(1875-1876),http://bioguide.congress.gov/scripts/biodisplay.pl?index=P000151
"PHELPS, James",1822-1900,Representative,Democrat,CT,44(1875-1876),http://bioguide.congress.gov/scripts/biodisplay.pl?index=P000295
"PHILIPS, John Finis",1834-1919,Representative,Democrat,MO,44(1875-1876),http://bioguide.congress.gov/scripts/biodisplay.pl?index=P000304
"PHILLIPS, William Addison",1824-1893,Representative,Republican,KS,44(1875-1876),http://bioguide.congress.gov/scripts/biodisplay.pl?index=P000315
"PIERCE, Henry Lillie",1825-1896,Representative,Republican,MA,44(1875-1876),http://bioguide.congress.gov/scripts/biodisplay.pl?index=P000335
"PIPER, William Adam",1826-1899,Representative,Democrat,CA,44(1875-1876),http://bioguide.congress.gov/scripts/biodisplay.pl?index=P000364
"PLAISTED, Harris Merrill",1828-1898,Representative,Republican,ME,44(1875-1876),http://bioguide.congress.gov/scripts/biodisplay.pl?index=P000374
"PLATT, Thomas Collier",1833-1910,Representative,Republican,NY,44(1875-1876),http://bioguide.congress.gov/scripts/biodisplay.pl?index=P000383
"POPPLETON, Earley Franklin",1834-1899,Representative,Democrat,OH,44(1875-1876),http://bioguide.congress.gov/scripts/biodisplay.pl?index=P000434
"POTTER, Allen",1818-1885,Representative,Democrat,MI,44(1875-1876),http://bioguide.congress.gov/scripts/biodisplay.pl?index=P000459
"POWELL, Joseph",1828-1904,Representative,Democrat,PA,44(1875-1876),http://bioguide.congress.gov/scripts/biodisplay.pl?index=P000480
"PRATT, Henry Otis",1838-1931,Representative,Republican,IA,44(1875-1876),http://bioguide.congress.gov/scripts/biodisplay.pl?index=P000501
"PRICE, Samuel",1805-1884,Senator,Democrat,WV,44(1875-1876),http://bioguide.congress.gov/scripts/biodisplay.pl?index=P000530
"PURMAN, William James",1840-1928,Representative,Republican,FL,44(1875-1876),http://bioguide.congress.gov/scripts/biodisplay.pl?index=P000572
"RAINEY, Joseph Hayne",1832-1887,Representative,Republican,SC,44(1875-1876),http://bioguide.congress.gov/scripts/biodisplay.pl?index=R000016
"RANDALL, Samuel Jackson",1828-1890,Speaker of the House,Democrat,US,44(1875-1876),http://bioguide.congress.gov/scripts/biodisplay.pl?index=R000039
 ,,Representative,Democrat,PA,44(1875-1876),http://bioguide.congress.gov/scripts/biodisplay.pl?index=R000039
"RANDOLPH, Theodore Fitz",1826-1883,Senator,Democrat,NJ,44(1875-1876),http://bioguide.congress.gov/scripts/biodisplay.pl?index=R000050
"RANSOM, Matt Whitaker",1826-1904,Senator,Democrat,NC,44(1875-1876),http://bioguide.congress.gov/scripts/biodisplay.pl?index=R000062
"REA, David",1831-1901,Representative,Democrat,MO,44(1875-1876),http://bioguide.congress.gov/scripts/biodisplay.pl?index=R000088
"REAGAN, John Henninger",1818-1905,Representative,Democrat,TX,44(1875-1876),http://bioguide.congress.gov/scripts/biodisplay.pl?index=R000098
"REILLY, James Bernard",1845-1924,Representative,Democrat,PA,44(1875-1876),http://bioguide.congress.gov/scripts/biodisplay.pl?index=R000153
"REILLY, John",1836-1904,Representative,Democrat,PA,44(1875-1876),http://bioguide.congress.gov/scripts/biodisplay.pl?index=R000154
"RICE, Americus Vespucius",1835-1904,Representative,Democrat,OH,44(1875-1876),http://bioguide.congress.gov/scripts/biodisplay.pl?index=R000194
"RIDDLE, Haywood Yancey",1834-1879,Representative,Democrat,TN,44(1875-1876),http://bioguide.congress.gov/scripts/biodisplay.pl?index=R000240
"ROBBINS, John",1808-1880,Representative,Democrat,PA,44(1875-1876),http://bioguide.congress.gov/scripts/biodisplay.pl?index=R000301
"ROBBINS, William McKendree",1828-1905,Representative,Democrat,NC,44(1875-1876),http://bioguide.congress.gov/scripts/biodisplay.pl?index=R000302
"ROBERTS, Charles Boyle",1842-1899,Representative,Democrat,MD,44(1875-1876),http://bioguide.congress.gov/scripts/biodisplay.pl?index=R000306
"ROBERTSON, Thomas James",1823-1897,Senator,Republican,SC,44(1875-1876),http://bioguide.congress.gov/scripts/biodisplay.pl?index=R000327
"ROBINSON, Milton Stapp",1832-1892,Representative,Republican,IN,44(1875-1876),http://bioguide.congress.gov/scripts/biodisplay.pl?index=R000349
"ROSS, Miles",1827-1903,Representative,Democrat,NJ,44(1875-1876),http://bioguide.congress.gov/scripts/biodisplay.pl?index=R000452
"ROSS, Sobieski",1828-1877,Representative,Republican,PA,44(1875-1876),http://bioguide.congress.gov/scripts/biodisplay.pl?index=R000454
"RUSK, Jeremiah McLain",1830-1893,Representative,Republican,WI,44(1875-1876),http://bioguide.congress.gov/scripts/biodisplay.pl?index=R000517
"SAMPSON, Ezekiel Silas",1831-1892,Representative,Republican,IA,44(1875-1876),http://bioguide.congress.gov/scripts/biodisplay.pl?index=S000025
"SARGENT, Aaron Augustus",1827-1887,Senator,Republican,CA,44(1875-1876),http://bioguide.congress.gov/scripts/biodisplay.pl?index=S000065
"SAULSBURY, Eli",1817-1893,Senator,Democrat,DE,44(1875-1876),http://bioguide.congress.gov/scripts/biodisplay.pl?index=S000072
"SAVAGE, John Simpson",1841-1884,Representative,Democrat,OH,44(1875-1876),http://bioguide.congress.gov/scripts/biodisplay.pl?index=S000084
"SAYLER, Milton",1831-1892,Representative,Democrat,OH,44(1875-1876),http://bioguide.congress.gov/scripts/biodisplay.pl?index=S000101
"SCALES, Alfred Moore",1827-1892,Representative,Democrat,NC,44(1875-1876),http://bioguide.congress.gov/scripts/biodisplay.pl?index=S000103
"SCHLEICHER, Gustave",1823-1879,Representative,Democrat,TX,44(1875-1876),http://bioguide.congress.gov/scripts/biodisplay.pl?index=S000129
"SCHUMAKER, John Godfrey",1826-1905,Representative,Democrat,NY,44(1875-1876),http://bioguide.congress.gov/scripts/biodisplay.pl?index=S000147
"SEELYE, Julius Hawley",1824-1895,Representative,Independent,MA,44(1875-1876),http://bioguide.congress.gov/scripts/biodisplay.pl?index=S000225
"SHARON, William",1821-1885,Senator,Republican,NV,44(1875-1876),http://bioguide.congress.gov/scripts/biodisplay.pl?index=S000292
"SHEAKLEY, James",1829-1917,Representative,Democrat,PA,44(1875-1876),http://bioguide.congress.gov/scripts/biodisplay.pl?index=S000313
"SHERMAN, John",1823-1900,Senator,Republican,OH,44(1875-1876),http://bioguide.congress.gov/scripts/biodisplay.pl?index=S000346
"SINGLETON, Otho Robards",1814-1889,Representative,Democrat,MS,44(1875-1876),http://bioguide.congress.gov/scripts/biodisplay.pl?index=S000445
"SINNICKSON, Clement Hall",1834-1919,Representative,Republican,NJ,44(1875-1876),http://bioguide.congress.gov/scripts/biodisplay.pl?index=S000447
"SLEMONS, William Ferguson",1830-1918,Representative,Democrat,AR,44(1875-1876),http://bioguide.congress.gov/scripts/biodisplay.pl?index=S000484
"SMALLS, Robert",1839-1915,Representative,Republican,SC,44(1875-1876),http://bioguide.congress.gov/scripts/biodisplay.pl?index=S000502
"SMITH, Abraham Herr",1815-1894,Representative,Republican,PA,44(1875-1876),http://bioguide.congress.gov/scripts/biodisplay.pl?index=S000509
"SMITH, William Ephraim",1829-1890,Representative,Democrat,GA,44(1875-1876),http://bioguide.congress.gov/scripts/biodisplay.pl?index=S000631
"SOUTHARD, Milton Isaiah",1836-1905,Representative,Democrat,OH,44(1875-1876),http://bioguide.congress.gov/scripts/biodisplay.pl?index=S000688
"SPARKS, William Andrew Jackson",1828-1904,Representative,Democrat,IL,44(1875-1876),http://bioguide.congress.gov/scripts/biodisplay.pl?index=S000704
"SPENCER, George Eliphaz",1836-1893,Senator,Republican,AL,44(1875-1876),http://bioguide.congress.gov/scripts/biodisplay.pl?index=S000723
"SPENCER, William Brainerd",1835-1882,Representative,Democrat,LA,44(1875-1876),http://bioguide.congress.gov/scripts/biodisplay.pl?index=S000731
"SPRINGER, William McKendree",1836-1903,Representative,Democrat,IL,44(1875-1876),http://bioguide.congress.gov/scripts/biodisplay.pl?index=S000757
"STANTON, William Henry",1843-1900,Representative,Democrat,PA,44(1875-1876),http://bioguide.congress.gov/scripts/biodisplay.pl?index=S000807
"STARKWEATHER, Henry Howard",1826-1876,Representative,Republican,CT,44(1875-1876),http://bioguide.congress.gov/scripts/biodisplay.pl?index=S000815
"STEELE, William Randolph",1842-1901,Delegate,Democrat,WY,44(1875-1876),http://bioguide.congress.gov/scripts/biodisplay.pl?index=S000840
"STENGER, William Shearer",1840-1918,Representative,Democrat,PA,44(1875-1876),http://bioguide.congress.gov/scripts/biodisplay.pl?index=S000849
"STEPHENS, Alexander Hamilton",1812-1883,Representative,Democrat,GA,44(1875-1876),http://bioguide.congress.gov/scripts/biodisplay.pl?index=S000854
"STEVENS, Hiram Sanford",1832-1893,Delegate,Democrat,AZ,44(1875-1876),http://bioguide.congress.gov/scripts/biodisplay.pl?index=S000880
"STEVENSON, Adlai Ewing",1835-1914,Representative,Democrat,IL,44(1875-1876),http://bioguide.congress.gov/scripts/biodisplay.pl?index=S000889
"STEVENSON, John White",1812-1886,Senator,Democrat,KY,44(1875-1876),http://bioguide.congress.gov/scripts/biodisplay.pl?index=S000894
"STONE, William Henry",1828-1901,Representative,Democrat,MO,44(1875-1876),http://bioguide.congress.gov/scripts/biodisplay.pl?index=S000967
"STOWELL, William Henry Harrison",1840-1922,Representative,Republican,VA,44(1875-1876),http://bioguide.congress.gov/scripts/biodisplay.pl?index=S000985
"STRAIT, Horace Burton",1835-1894,Representative,Republican,MN,44(1875-1876),http://bioguide.congress.gov/scripts/biodisplay.pl?index=S000988
"SWANN, Thomas",1809-1883,Representative,Democrat,MD,44(1875-1876),http://bioguide.congress.gov/scripts/biodisplay.pl?index=S001092
"TARBOX, John Kemble",1838-1887,Representative,Democrat,MA,44(1875-1876),http://bioguide.congress.gov/scripts/biodisplay.pl?index=T000041
"TEESE, Frederick Halstead",1823-1894,Representative,Democrat,NJ,44(1875-1876),http://bioguide.congress.gov/scripts/biodisplay.pl?index=T000111
"TELLER, Henry Moore",1830-1914,Senator,Republican,CO,44(1875-1876),http://bioguide.congress.gov/scripts/biodisplay.pl?index=T000116
"TERRY, William",1824-1888,Representative,Democrat,VA,44(1875-1876),http://bioguide.congress.gov/scripts/biodisplay.pl?index=T000136
"THOMAS, Philip Francis",1810-1890,Representative,Democrat,MD,44(1875-1876),http://bioguide.congress.gov/scripts/biodisplay.pl?index=T000182
"THOMPSON, Charles Perkins",1827-1894,Representative,Democrat,MA,44(1875-1876),http://bioguide.congress.gov/scripts/biodisplay.pl?index=T000195
"THORNBURGH, Jacob Montgomery",1837-1890,Representative,Republican,TN,44(1875-1876),http://bioguide.congress.gov/scripts/biodisplay.pl?index=T000239
"THROCKMORTON, James Webb",1825-1894,Representative,Democrat,TX,44(1875-1876),http://bioguide.congress.gov/scripts/biodisplay.pl?index=T000246
"THURMAN, Allen Granberry",1813-1895,Senator,Democrat,OH,44(1875-1876),http://bioguide.congress.gov/scripts/biodisplay.pl?index=T000251
"TOWNSEND, Martin Ingham",1810-1903,Representative,Republican,NY,44(1875-1876),http://bioguide.congress.gov/scripts/biodisplay.pl?index=T000336
"TOWNSEND, Washington",1813-1894,Representative,Republican,PA,44(1875-1876),http://bioguide.congress.gov/scripts/biodisplay.pl?index=T000337
"TUCKER, John Randolph",1823-1897,Representative,Democrat,VA,44(1875-1876),http://bioguide.congress.gov/scripts/biodisplay.pl?index=T000401
"TUFTS, John Quincy",1840-1908,Representative,Republican,IA,44(1875-1876),http://bioguide.congress.gov/scripts/biodisplay.pl?index=T000406
"TURNEY, Jacob",1825-1891,Representative,Democrat,PA,44(1875-1876),http://bioguide.congress.gov/scripts/biodisplay.pl?index=T000431
"VAN VORHES, Nelson Holmes",1822-1882,Representative,Republican,OH,44(1875-1876),http://bioguide.congress.gov/scripts/biodisplay.pl?index=V000064
"VANCE, John Luther",1839-1921,Representative,Democrat,OH,44(1875-1876),http://bioguide.congress.gov/scripts/biodisplay.pl?index=V000016
"VANCE, Robert Brank",1828-1899,Representative,Democrat,NC,44(1875-1876),http://bioguide.congress.gov/scripts/biodisplay.pl?index=V000019
"WADDELL, Alfred Moore",1834-1912,Representative,Democrat,NC,44(1875-1876),http://bioguide.congress.gov/scripts/biodisplay.pl?index=W000002
"WADLEIGH, Bainbridge",1831-1891,Senator,Republican,NH,44(1875-1876),http://bioguide.congress.gov/scripts/biodisplay.pl?index=W000009
"WAIT, John Turner",1811-1899,Representative,Republican,CT,44(1875-1876),http://bioguide.congress.gov/scripts/biodisplay.pl?index=W000025
"WALDRON, Henry",1819-1880,Representative,Republican,MI,44(1875-1876),http://bioguide.congress.gov/scripts/biodisplay.pl?index=W000041
"WALKER, Charles Christopher Brainerd",1824-1888,Representative,Democrat,NY,44(1875-1876),http://bioguide.congress.gov/scripts/biodisplay.pl?index=W000047
"WALKER, Gilbert Carlton",1833-1885,Representative,Democrat,VA,44(1875-1876),http://bioguide.congress.gov/scripts/biodisplay.pl?index=W000054
"WALLACE, Alexander Stuart",1810-1893,Representative,Republican,SC,44(1875-1876),http://bioguide.congress.gov/scripts/biodisplay.pl?index=W000074
"WALLACE, John Winfield",1818-1889,Representative,Republican,PA,44(1875-1876),http://bioguide.congress.gov/scripts/biodisplay.pl?index=W000079
"WALLACE, William Andrew",1827-1896,Senator,Democrat,PA,44(1875-1876),http://bioguide.congress.gov/scripts/biodisplay.pl?index=W000084
"WALLING, Ansel Tracy",1824-1896,Representative,Democrat,OH,44(1875-1876),http://bioguide.congress.gov/scripts/biodisplay.pl?index=W000091
"WALLS, Josiah Thomas",1842-1905,Representative,Republican,FL,44(1875-1876),http://bioguide.congress.gov/scripts/biodisplay.pl?index=W000093
"WALSH, William",1828-1892,Representative,Democrat,MD,44(1875-1876),http://bioguide.congress.gov/scripts/biodisplay.pl?index=W000106
"WARD, Elijah",1816-1882,Representative,Democrat,NY,44(1875-1876),http://bioguide.congress.gov/scripts/biodisplay.pl?index=W000131
"WARNER, Levi",1831-1911,Representative,Democrat,CT,44(1875-1876),http://bioguide.congress.gov/scripts/biodisplay.pl?index=W000155
"WARREN, William Wirt",1834-1880,Representative,Democrat,MA,44(1875-1876),http://bioguide.congress.gov/scripts/biodisplay.pl?index=W000168
"WATTERSON, Henry",1840-1921,Representative,Democrat,KY,44(1875-1876),http://bioguide.congress.gov/scripts/biodisplay.pl?index=W000209
"WELLS, Erastus",1823-1893,Representative,Democrat,MO,44(1875-1876),http://bioguide.congress.gov/scripts/biodisplay.pl?index=W000282
"WELLS, Guilford Wiley",1840-1909,Representative,Independent Republican,MS,44(1875-1876),http://bioguide.congress.gov/scripts/biodisplay.pl?index=W000283
"WEST, Joseph Rodman",1822-1898,Senator,Republican,LA,44(1875-1876),http://bioguide.congress.gov/scripts/biodisplay.pl?index=W000303
"WHEELER, William Almon",1819-1887,Representative,Republican,NY,44(1875-1876),http://bioguide.congress.gov/scripts/biodisplay.pl?index=W000341
"WHITE, John Daugherty",1849-1920,Representative,Republican,KY,44(1875-1876),http://bioguide.congress.gov/scripts/biodisplay.pl?index=W000381
"WHITEHOUSE, John Osborne",1817-1881,Representative,Democrat,NY,44(1875-1876),http://bioguide.congress.gov/scripts/biodisplay.pl?index=W000405
"WHITING, Richard Henry",1826-1888,Representative,Republican,IL,44(1875-1876),http://bioguide.congress.gov/scripts/biodisplay.pl?index=W000416
"WHITTHORNE, Washington Curran",1825-1891,Representative,Democrat,TN,44(1875-1876),http://bioguide.congress.gov/scripts/biodisplay.pl?index=W000429
"WHYTE, William Pinkney",1824-1908,Senator,Democrat,MD,44(1875-1876),http://bioguide.congress.gov/scripts/biodisplay.pl?index=W000435
"WIGGINTON, Peter Dinwiddie",1839-1890,Representative,Democrat,CA,44(1875-1876),http://bioguide.congress.gov/scripts/biodisplay.pl?index=W000449
"WIKE, Scott",1834-1901,Representative,Democrat,IL,44(1875-1876),http://bioguide.congress.gov/scripts/biodisplay.pl?index=W000451
"WILLARD, George",1824-1901,Representative,Republican,MI,44(1875-1876),http://bioguide.congress.gov/scripts/biodisplay.pl?index=W000479
"WILLIAMS, Alpheus Starkey",1810-1878,Representative,Democrat,MI,44(1875-1876),http://bioguide.congress.gov/scripts/biodisplay.pl?index=W000487
"WILLIAMS, Andrew",1828-1907,Representative,Republican,NY,44(1875-1876),http://bioguide.congress.gov/scripts/biodisplay.pl?index=W000488
"WILLIAMS, Charles Grandison",1829-1892,Representative,Republican,WI,44(1875-1876),http://bioguide.congress.gov/scripts/biodisplay.pl?index=W000492
"WILLIAMS, James",1825-1899,Representative,Democrat,DE,44(1875-1876),http://bioguide.congress.gov/scripts/biodisplay.pl?index=W000506
"WILLIAMS, James Douglas",1808-1880,Representative,Democrat,IN,44(1875-1876),http://bioguide.congress.gov/scripts/biodisplay.pl?index=W000507
"WILLIAMS, Jeremiah Norman",1829-1915,Representative,Democrat,AL,44(1875-1876),http://bioguide.congress.gov/scripts/biodisplay.pl?index=W000512
"WILLIAMS, William Brewster",1826-1905,Representative,Republican,MI,44(1875-1876),http://bioguide.congress.gov/scripts/biodisplay.pl?index=W000547
"WILLIS, Benjamin Albertson",1840-1886,Representative,Democrat,NY,44(1875-1876),http://bioguide.congress.gov/scripts/biodisplay.pl?index=W000558
"WILSHIRE, William Wallace",1830-1888,Representative,Democrat,AR,44(1875-1876),http://bioguide.congress.gov/scripts/biodisplay.pl?index=W000567
"WILSON, Benjamin",1825-1901,Representative,Democrat,WV,44(1875-1876),http://bioguide.congress.gov/scripts/biodisplay.pl?index=W000569
"WILSON, James",1835-1920,Representative,Republican,IA,44(1875-1876),http://bioguide.congress.gov/scripts/biodisplay.pl?index=W000590
"WINDOM, William",1827-1891,Senator,Republican,MN,44(1875-1876),http://bioguide.congress.gov/scripts/biodisplay.pl?index=W000629
"WITHERS, Robert Enoch",1821-1907,Senator,Democrat,VA,44(1875-1876),http://bioguide.congress.gov/scripts/biodisplay.pl?index=W000659
"WOOD, Alan, Jr.",1834-1902,Representative,Republican,PA,44(1875-1876),http://bioguide.congress.gov/scripts/biodisplay.pl?index=W000688
"WOOD, Fernando",1812-1881,Representative,Democrat,NY,44(1875-1876),http://bioguide.congress.gov/scripts/biodisplay.pl?index=W000694
"WOODBURN, William",1838-1915,Representative,Republican,NV,44(1875-1876),http://bioguide.congress.gov/scripts/biodisplay.pl?index=W000710
"WOODWORTH, Laurin Dewey",1837-1897,Representative,Republican,OH,44(1875-1876),http://bioguide.congress.gov/scripts/biodisplay.pl?index=W000735
"WRIGHT, George Grover",1820-1896,Senator,Republican,IA,44(1875-1876),http://bioguide.congress.gov/scripts/biodisplay.pl?index=W000759
"YEATES, Jesse Johnson",1829-1892,Representative,Democrat,NC,44(1875-1876),http://bioguide.congress.gov/scripts/biodisplay.pl?index=Y000016
"YOUNG, Hiram Casey",1828-1899,Representative,Democrat,TN,44(1875-1876),http://bioguide.congress.gov/scripts/biodisplay.pl?index=Y000037
